transaction_id,date,description,amount,currency,account
TXN-1001,2024-01-01,Coffee Shop,-4.50,USD,Checking
TXN-1002,2024-01-02,Grocery Store,-56.32,USD,Checking
TXN-1003,2024-01-03,Salary Payment,3200.00,USD,Checking
TXN-1004,2024-01-04,Online Subscription,-12.99,USD,Checking
TXN-1005,2024-01-05,Restaurant,-48.75,USD,Checking
TXN-1006,2024-01-06,Gas Station,-39.10,USD,Checking
TXN-1007,2024-01-07,Electricity Bill,-120.89,USD,Checking
TXN-1008,2024-01-08,Water Bill,-45.20,USD,Checking
TXN-1009,2024-01-09,Pharmacy,-23.45,USD,Checking
TXN-1010,2024-01-10,Internet Bill,-65.00,USD,Checking
TXN-1011,2024-01-11,Gym Membership,-35.00,USD,Checking
TXN-1012,2024-01-12,Restaurant,-62.40,USD,Checking
TXN-1013,2024-01-13,Grocery Store,-82.17,USD,Checking
TXN-1014,2024-01-14,Taxi,-18.60,USD,Checking
TXN-1015,2024-01-15,Rent,-1450.00,USD,Checking
TXN-1016,2024-01-16,Coffee Shop,-5.10,USD,Checking
TXN-1017,2024-01-17,Streaming Service,-15.99,USD,Checking
TXN-1018,2024-01-18,Transfer from Savings,500.00,USD,Checking
TXN-1019,2024-01-19,Grocery Store,-64.88,USD,Checking
TXN-1020,2024-01-20,Restaurant,-54.30,USD,Checking
TXN-1021,2024-01-21,Gas Station,-42.75,USD,Checking
TXN-1022,2024-01-22,Phone Bill,-89.99,USD,Checking
TXN-1023,2024-01-23,Coffee Shop,-3.95,USD,Checking
TXN-1024,2024-01-24,Book Store,-27.40,USD,Checking
TXN-1025,2024-01-25,Grocery Store,-91.12,USD,Checking
TXN-1026,2024-01-26,Restaurant,-71.60,USD,Checking
TXN-1027,2024-01-27,Parking,-12.00,USD,Checking
TXN-1028,2024-01-28,Clothing Store,-134.50,USD,Checking
TXN-1029,2024-01-29,Coffee Shop,-4.80,USD,Checking
TXN-1030,2024-01-30,Insurance,-210.00,USD,Checking
TXN-1031,2024-01-31,Grocery Store,-77.33,USD,Checking
TXN-1032,2024-02-01,Salary Payment,3200.00,USD,Checking
TXN-1033,2024-02-02,Restaurant,-59.90,USD,Checking
TXN-1034,2024-02-03,Gas Station,-41.25,USD,Checking
TXN-1035,2024-02-04,Online Purchase,-249.99,USD,Checking
TXN-1036,2024-02-05,Coffee Shop,-6.00,USD,Checking
TXN-1037,2024-02-06,Grocery Store,-68.44,USD,Checking
TXN-1038,2024-02-07,Restaurant,-47.80,USD,Checking
TXN-1039,2024-02-08,Electricity Bill,-118.60,USD,Checking
TXN-1040,2024-02-09,Water Bill,-46.10,USD,Checking
TXN-1041,2024-02-10,Internet Bill,-65.00,USD,Checking
TXN-1042,2024-02-11,Gym Membership,-35.00,USD,Checking
TXN-1043,2024-02-12,Coffee Shop,-5.25,USD,Checking
TXN-1044,2024-02-13,Grocery Store,-83.77,USD,Checking
TXN-1045,2024-02-14,Restaurant,-66.20,USD,Checking
TXN-1046,2024-02-15,Bonus Payment,750.00,USD,Checking
TXN-1047,2024-02-16,Coffee Shop,-4.60,USD,Checking
TXN-1048,2024-02-17,Streaming Service,-15.99,USD,Checking
TXN-1049,2024-02-18,Grocery Store,-72.18,USD,Checking
TXN-1050,2024-02-19,Restaurant,-58.90,USD,Checking
TXN-1051,2024-02-20,Gas Station,-44.10,USD,Checking
TXN-1052,2024-02-21,Phone Bill,-89.99,USD,Checking
TXN-1053,2024-02-22,Coffee Shop,-3.75,USD,Checking
TXN-1054,2024-02-23,Book Store,-31.20,USD,Checking
TXN-1055,2024-02-24,Grocery Store,-95.64,USD,Checking
TXN-1056,2024-02-25,Restaurant,-73.50,USD,Checking
TXN-1057,2024-02-26,Parking,-14.00,USD,Checking
TXN-1058,2024-02-27,Clothing Store,-189.99,USD,Checking
TXN-1059,2024-02-28,Tax Refund,420.00,USD,Checking
TXN-1060,2024-02-29,Insurance,-210.00,USD,Checking
TXN-1061,2024-03-01,Grocery Store,-79.11,USD,Checking
TXN-1062,2024-03-02,Salary Payment,3200.00,USD,Checking
TXN-1063,2024-03-03,Gas Station,-40.80,USD,Checking
TXN-1064,2024-03-04,Online Purchase,-129.00,USD,Checking
TXN-1065,2024-03-05,Coffee Shop,-5.60,USD,Checking
TXN-1066,2024-03-06,Grocery Store,-88.25,USD,Checking
TXN-1067,2024-03-07,Restaurant,-52.70,USD,Checking
TXN-1068,2024-03-08,Electricity Bill,-121.45,USD,Checking
TXN-1069,2024-03-09,Water Bill,-44.90,USD,Checking
TXN-1070,2024-03-10,Internet Bill,-65.00,USD,Checking
TXN-1071,2024-03-11,Gym Membership,-35.00,USD,Checking
TXN-1072,2024-03-12,Coffee Shop,-4.30,USD,Checking
TXN-1073,2024-03-13,Grocery Store,-90.67,USD,Checking
TXN-1074,2024-03-14,Restaurant,-69.10,USD,Checking
TXN-1075,2024-03-15,Rent,-1450.00,USD,Checking
TXN-1076,2024-03-16,Coffee Shop,-5.05,USD,Checking
TXN-1077,2024-03-17,Streaming Service,-15.99,USD,Checking
TXN-1078,2024-03-18,Grocery Store,-74.56,USD,Checking
TXN-1079,2024-03-19,Restaurant,-63.40,USD,Checking
TXN-1080,2024-03-20,Gas Station,-43.90,USD,Checking
TXN-1081,2024-03-21,Phone Bill,-89.99,USD,Checking
TXN-1082,2024-03-22,Coffee Shop,-3.85,USD,Checking
TXN-1083,2024-03-23,Book Store,-29.99,USD,Checking
TXN-1084,2024-03-24,Grocery Store,-92.10,USD,Checking
TXN-1085,2024-03-25,Restaurant,-75.80,USD,Checking
TXN-1086,2024-03-26,Parking,-16.00,USD,Checking
TXN-1087,2024-03-27,Clothing Store,-159.00,USD,Checking
TXN-1088,2024-03-28,Coffee Shop,-4.70,USD,Checking
TXN-1089,2024-03-29,Interest Credit,18.45,USD,Checking
TXN-1090,2024-03-30,Grocery Store,-81.44,USD,Checking
TXN-1091,2024-03-31,Restaurant,-60.25,USD,Checking
TXN-1092,2024-04-01,Gas Station,-42.35,USD,Checking
TXN-1093,2024-04-02,Online Purchase,-199.00,USD,Checking
TXN-1094,2024-04-03,Coffee Shop,-5.15,USD,Checking
TXN-1095,2024-04-04,Grocery Store,-86.92,USD,Checking
TXN-1096,2024-04-05,Restaurant,-57.60,USD,Checking
TXN-1097,2024-04-06,Electricity Bill,-119.30,USD,Checking
TXN-1098,2024-04-07,Water Bill,-45.75,USD,Checking
TXN-1099,2024-04-08,Internet Bill,-65.00,USD,Checking
TXN-1100,2024-04-09,Gym Membership,-35.00,USD,Checking